{"build/empresa.zip":{"hashed":true,"hash":"aH4uwG42851ba5","original":"build/empresa.zip","path":"build/empresa-aH4uwG42851ba5.zip","type":"zip"},"build/pessoa.zip":{"hashed":true,"hash":"aH4uwG17007943","original":"build/pessoa.zip","path":"build/pessoa-aH4uwG17007943.zip","type":"zip"},"build/main.ts":{"hashed":true,"hash":"aH4uwG08c4e528","original":"build/main.ts","path":"build/main-aH4uwG08c4e528.ts","type":"ts"},"build/nosql.ts":{"hashed":true,"hash":"aH4uwG1b62ab50","original":"build/nosql.ts","path":"build/nosql-aH4uwG1b62ab50.ts","type":"ts"}}